fold,n_features,accuracy,balanced_acc,precision_phish,recall_phish,f1_phish,FN,FP,train_s,pred_s
0,35,0.986149466796958,0.9840629099465132,0.9977482088024565,0.9697572622363708,0.983553627282817,608,44,8.705467700958252,48.27671980857849
1,35,0.9943705654926286,0.9936118815455884,0.9983922021805758,0.9884102666136092,0.9933761591721448,233,32,8.548051834106445,45.231163024902344
2,35,0.9947529421761482,0.9942115109698018,0.997195653262557,0.99049940310386,0.9938362488458563,191,56,8.034013032913208,45.38691306114197
3,35,0.9930322471003101,0.9921969864970599,0.997184231697506,0.9864703541583765,0.9917983596719344,272,56,8.729644060134888,46.24682402610779
4,35,0.9950928325614989,0.9944891421855149,0.9981450844738557,0.990350179068842,0.99423235374897,194,37,8.445977926254272,45.59511113166809
fold,n_features,accuracy,balanced_acc,precision_phish,recall_phish,f1_phish,FN,FP,train_s,pred_s
0,35,0.9998937842545779,0.9998756466374851,1.0,0.9997512932749701,0.9998756311718031,5,0,34.32963490486145,65.36231303215027
1,35,0.9997875685091558,0.9997766194948301,0.9998010148243955,0.9997015519299642,0.9997512809033477,6,4,33.24020195007324,62.687666177749634
2,35,0.9998300548073247,0.9998073661749411,0.9999502438053538,0.9996518105849582,0.9998010049251281,7,1,35.075979709625244,63.22784209251404
3,35,0.9999575137018312,0.999956590209959,0.999950258654994,0.999950258654994,0.999950258654994,1,1,33.862499713897705,67.72252297401428
4,35,0.9997663253600714,0.9997327541574321,0.9999502363772083,0.9995025865499403,0.9997263613522724,10,1,34.81840395927429,66.45184993743896
fold,n_features,accuracy,balanced_acc,precision_phish,recall_phish,f1_phish,FN,FP,train_s,pred_s
0,35,0.9998937842545779,0.9998756466374851,1.0,0.9997512932749701,0.9998756311718031,5,0,33.75553512573242,62.48375606536865
1,35,0.9997875685091558,0.9997766194948301,0.9998010148243955,0.9997015519299642,0.9997512809033477,6,4,33.32743191719055,348.1994421482086
2,35,0.9998300548073247,0.9998073661749411,0.9999502438053538,0.9996518105849582,0.9998010049251281,7,1,35.70250701904297,65.28233790397644
3,35,0.9999575137018312,0.999956590209959,0.999950258654994,0.999950258654994,0.999950258654994,1,1,34.71151924133301,68.24275612831116
4,35,0.9997663253600714,0.9997327541574321,0.9999502363772083,0.9995025865499403,0.9997263613522724,10,1,34.91599702835083,66.40955305099487
